SET search_path TO ubd_20251;

BEGIN WORK;

SET TRANSACTION READ WRITE;

INSERT INTO PDO (pdo_id, pdo_name, capital_town, climate, region) VALUES
(1, 'Empordà', 'Figueres', 'Mediterranean', 'Catalonia, Spain'),
(2, 'Rías Baixas', 'Pontevedra', 'Atlantic', 'Galicia, Spain'),
(3, 'Ribeira Sacra', 'Monforte de Lemos', 'Mediterranean with Atlantic', 'Galicia, Spain'),
(4, 'Bordeaux', 'Bordeaux', 'Oceanic', 'Nouvelle-Aquitaine, France'),
(5, 'Burgundy', 'Dijon', 'Continental', 'Bourgogne-Franche-Comté, France'),
(6, 'Tuscany', 'Florence', 'Mediterranean', 'Tuscany, Italy'),
(7, 'Piedmont', 'Turin', 'Continental', 'Piedmont, Italy'),
(8, 'Sicily', 'Palermo', 'Mediterranean', 'Sicily, Italy'),
(9, 'Douro', 'Porto', 'Mediterranean', 'Northern Portugal'),
(10, 'Alentejo', 'Évora', 'Mediterranean', 'Alentejo, Portugal'),
(11, 'Vinho Verde', 'Braga', 'Atlantic', 'Northern Portugal'),
(12, 'La Rioja', 'Logroño', 'Continental', 'La Rioja, Spain'),
(13, 'Priorat', 'Tarragona', 'Mediterranean', 'Catalonia, Spain'),
(14, 'Navarra', 'Pamplona', 'Continental', 'Navarre, Spain'),
(15, 'Alsace', 'Strasbourg', 'Continental', 'Grand Est, France'),
(16, 'Loire Valley', 'Tours', 'Oceanic', 'Centre-Val de Loire, France'),
(17, 'Provence', 'Marseille', 'Mediterranean', 'Provence-Alpes-Côte d''Azur, France'),
(18, 'Languedoc', 'Montpellier', 'Mediterranean', 'Occitanie, France'),
(19, 'Abruzzo', 'L''Aquila', 'Mediterranean', 'Abruzzo, Italy'),
(20, 'Veneto', 'Venice', 'Continental', 'Veneto, Italy'),
(21, 'Umbria', 'Perugia', 'Mediterranean', 'Umbria, Italy'),
(22, 'Trentino-Alto Adige', 'Trento', 'Continental', 'Trentino-Alto Adige, Italy'),
(23, 'Madeira', 'Funchal', 'Subtropical', 'Madeira, Portugal'),
(24, 'Dao', 'Viseu', 'Mediterranean', 'Central Portugal'),
(25, 'Rueda', 'Valladolid', 'Continental', 'Castile and León, Spain'),
(26, 'Toro', 'Zamora', 'Continental', 'Castile and León, Spain'),
(27, 'Jerez', 'Jerez de la Frontera', 'Mediterranean', 'Andalusia, Spain'),
(28, 'Valdeorras', 'O Barco de Valdeorras', 'Continental', 'Galicia, Spain'),
(29, 'Costers del Segre', 'Lleida', 'Mediterranean', 'Catalonia, Spain'),
(30, 'Penedès', 'Vilafranca del Penedès', 'Mediterranean', 'Catalonia, Spain'),
(31, 'Ribera del Duero', 'Burgos', 'Continental', 'Castile and León, Spain'),
(32, 'Somontano', 'Barbastro', 'Continental', 'Aragon, Spain'),
(33, 'Bierzo', 'Ponferrada', 'Continental', 'Castile and León, Spain'),
(34, 'Calatayud', 'Calatayud', 'Continental', 'Aragon, Spain'),
(35, 'Campo de Borja', 'Borja', 'Continental', 'Aragon, Spain'),
(36, 'Cariñena', 'Cariñena', 'Continental', 'Aragon, Spain'),
(37, 'Montsant', 'Falset', 'Mediterranean', 'Catalonia, Spain'),
(38, 'Terra Alta', 'Gandesa', 'Mediterranean', 'Catalonia, Spain'),
(39, 'Chianti', 'Pisa', 'Mediterranean', 'Tuscany, Italy'),
(40, 'Barolo', 'Barolo', 'Continental', 'Piedmont, Italy');


INSERT INTO GRAPE_VARIETY (grape_id, grape_name) VALUES
(1, 'Tempranillo'),
(2, 'Albariño'),
(3, 'Mencía'),
(4, 'Cabernet Sauvignon'),
(5, 'Merlot'),
(6, 'Chardonnay'),
(7, 'Sangiovese'),
(8, 'Nebbiolo'),
(9, 'Barbera'),
(10, 'Nero d''Avola'),
(11, 'Touriga Nacional'),
(12, 'Arinto'),
(13, 'Verdejo'),
(14, 'Garnacha'),
(15, 'Syrah'),
(16, 'Pinot Noir'),
(17, 'Sauvignon Blanc'),
(18, 'Grenache'),
(19, 'Montepulciano'),
(20, 'Trebbiano'),
(21, 'Sagrantino'),
(22, 'Lagrein'),
(23, 'Malvasia'),
(24, 'Encruzado'),
(25, 'Palomino'),
(26, 'Pedro Ximénez'),
(27, 'Godello'),
(28, 'Macabeo'),
(29, 'Xarel·lo'),
(30, 'Parellada'),
(31, 'Tinta de Toro'),
(32, 'Bobal'),
(33, 'Cariñena'),
(34, 'Moscatel'),
(35, 'Cannonau'),
(36, 'Vermentino'),
(37, 'Dolcetto'),
(38, 'Cortese'),
(39, 'Fiano'),
(40, 'Aglianico');

INSERT INTO WINERY (winery_id, winery_name, town, established_year, winery_phone) VALUES
(1, 'Bodegas Torres', 'Vilafranca del Penedès', 1870, '123-456-7890'),
(2, 'Marqués de Riscal', 'Elciego', 1858, '123-456-7891'),
(3, 'Bodegas Vega Sicilia', 'Valbuena de Duero', 1864, '123-456-7892'),
(4, 'Château Margaux', 'Margaux-Cantenac', 1572, '123-456-7893'),
(5, 'Domaine de la Romanée-Conti', 'Vosne-Romanée', 1232, '123-456-7894'),
(6, 'Antinori', 'Bargino FI', 1385, '123-456-7895'),
(7, 'Gaja', 'Barbaresco CN', 1859, '123-456-7896'),
(8, 'Planeta', 'Menfi AG', 1995, '123-456-7897'),
(9, 'Quinta do Crasto', 'Gouvinhas', 1615, '123-456-7898'),
(10, 'Herdade do Esporão', 'Reguengos de Monsaraz', 1973, '123-456-7899'),
(11, 'Quinta da Aveleda', 'Penafiel', 1870, '123-456-7800'),
(12, 'Bodegas Martín Códax', 'Vilariño', 1986, '123-456-7801'),
(13, 'Bodegas Muga', 'Haro', 1932, '123-456-7802'),
(14, 'Bodegas Julián Chivite', 'Marcilla', 1647, '123-456-7803'),
(15, 'Trimbach', 'Ribeauvillé', 1626, '123-456-7804'),
(16, 'Domaine Huet', 'Vouvray', 1928, '123-456-7805'),
(17, 'Château d’Esclans', 'La Motte', 2006, '123-456-7806'),
(18, 'Mas de Daumas Gassac', 'Aniane', 1970, '123-456-7807'),
(19, 'Masciarelli', 'San Martino sulla Marrucina CH', 1981, '123-456-7808'),
(20, 'Masi', 'Sant''Ambrogio di Valpolicella VR', 1772, '123-456-7809'),
(21, 'Lungarotti', 'Torgiano PG', 1962, '123-456-7810'),
(22, 'Ferrari', 'Trento TN', 1902, '123-456-7811'),
(23, 'Blandy’s', 'Funchal', 1811, '123-456-7812'),
(24, 'Quinta dos Roques', 'Abrunhosa do Mat', 1989, '123-456-7813'),
(25, 'Bodegas Protos', 'Peñafiel', 1927, '123-456-7814'),
(26, 'Bodegas Numanthia', 'Valdefinjas', 1998, '123-456-7815'),
(27, 'González Byass', 'Jerez de la Frontera', 1835, '123-456-7816'),
(28, 'Bodegas Valdesil', 'Vilamartín de Valdeorras', 1885, '123-456-7817'),
(29, 'Raimat', 'Raimat', 1914, '123-456-7818'),
(30, 'Clos Mogador', 'Gratallops', 1979, '123-456-7819'),
(31, 'Bodegas Enate', 'Salas Bajas', 1991, '123-456-7820'),
(32, 'Descendientes de J. Palacios', 'Corullón', 1998, '123-456-7821'),
(33, 'Bodegas Ateca', 'Ateca', 2005, '123-456-7822'),
(34, 'Bodegas Borsao', 'Borja', 1958, '123-456-7823'),
(35, 'Bodegas San Valero', 'Cariñena', 1944, '123-456-7824'),
(36, 'Celler de Capçanes', 'Capçanes', 1933, '123-456-7825'),
(37, 'Celler Piñol', 'Batea', 1945, '123-456-7826'),
(38, 'Castello di Ama', 'Gaiole in Chianti SI', 1972, '123-456-7827'),
(39, 'Marchesi di Barolo', 'Barolo', 1807, '123-456-7828'),
(40, 'Celler El Rufián', 'Lionheil', 1854, '123-456-7829');

INSERT INTO WINE (wine_name, vintage, alcohol_content, category, color, winery_id, pdo_id, stock, price, prizes) VALUES
('Torres Sangre de Toro', 2023, 13.5, 'young', 'red', 1, 1, 83, 62.35, NULL),
('Marqués de Riscal Reserva', 2016, 14.0, 'reserve', 'red', 2, 12, 50, 95.95, 6),
('Vega Sicilia Único', 2010, 14.5, 'grand reserve', 'red', 3, 31, 25, 1439.95, 12),
('Château Margaux', 2015, 13.0, 'grand reserve', 'red', 4, 4, 33, 2399.95, 3),
('Romanée-Conti', 2017, 13.5, 'grand reserve', 'red', 5, 5, 8, 7199.95, 8),
('Antinori Tignanello', 2018, 13.5, 'reserve', 'red', 6, 6, 67, 431.95, 2),
('Gaja Barbaresco', 2017, 14.0, 'reserve', 'red', 7, 7, 42, 959.95, 1),
('Planeta Chardonnay', 2023, 11.0, 'young', 'white', 8, 8, 100, 143.95, 1),
('Quinta do Crasto Vintage Port', 2016, 18.0, 'reserve', 'red', 9, 9, 17, 239.95, 3),
('Herdade do Esporão Reserva', 2017, 14.0, 'reserve', 'red', 10, 10, 58, 119.95, NULL),
('Aveleda Vinho Verde', 2023, 11.0, 'young', 'white', 11, 11, 117, 43.15, NULL),
('Marqués de Riscal Gran Reserva', 2012, 14.0, 'grand reserve', 'red', 2, 12, 33, 191.95, 1),
('Clos Mogador', 2018, 15.0, 'reserve', 'red', 30, 13, 25, 287.95, 2),
('Chivite Colección 125', 2017, 13.5, 'reserve', 'red', 14, 14, 50, 115.15, NULL),
('Trimbach Riesling', 2023, 11.0, 'young', 'white', 15, 15, 83, 95.95, NULL),
('Domaine Huet Vouvray', 2018, 11.0, 'reserve', 'white', 16, 16, 67, 119.95, NULL),
('Château d’Esclans Whispering Angel', 2023, 13.0, 'young', 'rosé', 17, 17, 100, 105.55, 3),
('Mas de Daumas Gassac', 2019, 14.0, 'reserve', 'red', 18, 18, 42, 167.95, NULL),
('Masciarelli Montepulciano d’Abruzzo', 2023, 13.5, 'young', 'red', 19, 19, 83, 62.35, NULL),
('Masi Amarone', 2016, 15.0, 'reserve', 'red', 20, 20, 33, 239.95, 4),
('Lungarotti Rubesco', 2023, 13.0, 'young', 'red', 21, 21, 67, 71.95, NULL),
('Ferrari Perlé', 2017, 11.0, 'reserve', 'white', 22, 22, 50, 143.95, NULL),
('Blandy’s Madeira', 2015, 18.0, 'reserve', 'red', 23, 23, 25, 191.95, NULL),
('Quinta dos Roques Encruzado', 2023, 11.0, 'young', 'white', 24, 24, 58, 91.15, NULL),
('Bodegas Protos Verdejo', 2023, 11.0, 'young', 'white', 25, 25, 83, 47.95, NULL),
('Numanthia Termes', 2017, 15.0, 'reserve', 'red', 26, 26, 42, 167.95, 1),
('González Byass Tío Pepe', 2023, 11.0, 'young', 'white', 27, 27, 100, 71.95, NULL),
('Valdesil Godello', 2023, 11.0, 'young', 'white', 28, 28, 67, 95.95, NULL),
('Raimat Abadia', 2023, 13.5, 'young', 'red', 29, 29, 83, 57.55, NULL),
('Torres Milmanda', 2017, 11.0, 'reserve', 'white', 1, 30, 50, 143.95, NULL),
('Vega Sicilia Valbuena', 2015, 14.5, 'reserve', 'red', 3, 31, 33, 479.95, 4),
('Enate Chardonnay-234', 2023, 11.0, 'young', 'white', 31, 32, 67, 62.35, NULL),
('Descendientes de J. Palacios Pétalos', 2023, 14.0, 'young', 'red', 32, 33, 50, 95.95, NULL),
('Bodegas Ateca Honoro Vera', 2023, 14.5, 'young', 'red', 33, 34, 83, 47.95, NULL),
('Borsao Tres Picos', 2023, 15.0, 'young', 'red', 34, 35, 67, 71.95, NULL),
('San Valero Particular', 2023, 13.5, 'young', 'red', 35, 36, 50, 52.75, NULL),
('Celler de Capçanes Mas Donís', 2023, 14.0, 'young', 'red', 36, 37, 67, 62.35, NULL),
('Celler Piñol L’Avi Arrufi', 2017, 14.5, 'reserve', 'red', 37, 38, 42, 119.95, NULL),
('Castello di Ama Chianti Classico', 2023, 13.5, 'young', 'red', 38, 39, 83, 95.95, NULL),
('Marchesi di Barolo Barolo', 2016, 14.0, 'reserve', 'red', 39, 40, 33, 239.95, 1),
('Alión', 2018, 14.5, 'reserve', 'red', 3, 31, 39, 195.95, NULL),
('Torres Pazo das Bruxas', 2023, 11.0, 'young', 'white', 1, 1, 50, 24.95, 2),
('Enate Merlot-Merlot', 2016, 13.5, 'reserve', 'red', 31, 32, 67, 43.95, NULL),
('López de Heredia Viña Bosconia', 2010, 14.0, 'reserve', 'red', 10, 12, 33, 119.50, 4),
('Pago de Carraovejas', 2018, 14.5, 'reserve', 'red', 13, 31, 70, 95.95, 6),
('El Sequé', 2017, 14.0, 'reserve', 'red', 12, 31, 20, 49.50, 2),
('Hacienda Monasterio', 2018, 14.0, 'reserve', 'red', 2, 31, 25, 69.95, 1),
('Pingus', 2015, 15.0, 'grand reserve', 'red', 16, 31, 10, 1200.00, 5),
('Flor de Pingus', 2017, 14.5, 'reserve', 'red', 16, 31, 20, 249.95, 3),
('Dominio del Águila Reserva', 2016, 14.5, 'reserve', 'red', 17, 31, 15, 95.95, 2),
('Mauro', 2019, 14.0, 'reserve', 'red', 18, 31, 60, 79.95, 1),
('Aalto PS', 2018, 14.5, 'reserve', 'red', 19, 31, 45, 150.00, 4),
('Artadi Pagos Viejos', 2017, 14.5, 'grand reserve', 'red', 10, 12, 12, 225.95, 3),
('Remelluri Reserva', 2018, 14.0, 'reserve', 'red', 11, 12, 55, 49.95, 2),
('Viña Real Crianza', 2023, 14.0, 'young', 'red', 12, 12, 120, 15.50, 1),
('Lan Reserva', 2017, 14.0, 'reserve', 'red', 13, 12, 60, 19.95, NULL),
('Marqués de Murrieta Reserva', 2016, 14.0, 'reserve', 'red', 14, 12, 30, 26.50, 4),
('Torres Viña Sol', 2024, 11.0, 'young', 'white', 1, 1, 150, 35.50, NULL);

INSERT INTO WINE_GRAPE (grape_id, wine_id) VALUES
(14, 1),
(1, 1),
(1, 2),
(14, 2),
(1, 3),
(4, 3),
(4, 4),
(5, 4),
(16, 5),
(7, 6),
(4, 6),
(8, 7),
(6, 8),
(11, 9),
(10, 9),
(10, 10),
(14, 10),
(12, 11),
(27, 11),
(1, 12),
(14, 12),
(14, 13),
(4, 13),
(13, 14),
(6, 14),
(17, 15),
(6, 16),
(18, 17),
(14, 17),
(14, 18),
(1, 18),
(19, 19),
(18, 19),
(19, 20),
(20, 20),
(21, 21),
(19, 21),
(22, 22),
(10, 23),
(24, 23),
(24, 24),
(25, 25),
(26, 25),
(1, 26),
(31, 26),
(27, 27),
(28, 28),
(28, 29),
(29, 29),
(6, 30),
(4, 31),
(5, 31),
(6, 32),
(14, 33),
(18, 33),
(14, 34),
(1, 34),
(14, 35),
(35, 35),
(14, 36),
(14, 37),
(1, 37),
(8, 38),
(7, 39),
(8, 40),
(8, 41),
(6, 42),
(8, 42);

INSERT INTO CUSTOMER (customer_id, customer_VAT, customer_name, customer_address, customer_phone, customer_email, customer_status) VALUES
(1, 'ES12345678A', 'SuperMart', '123 Main St', '123-456-7890', 'contact@supermart.com', 'active'),
(2, 'ES87654321B', 'FreshFoods', '456 Elm St', '987-654-3210', 'info@freshfoods.com', 'active'),
(3, 'PT11223344C', 'Bistro Delight', '789 Oak St', '112-233-4455', 'hello@bistrodelight.com', 'active'),
(4, 'PT55667788D', 'Gourmet Kitchen', '321 Pine St', '556-677-8899', 'support@gourmetkitchen.com', 'active'),
(5, 'IT99887766E', 'Cafe Aroma', '654 Maple St', '998-877-6655', 'contact@cafearoma.com', 'active'),
(6, 'IT44332211F', 'Green Grocers', '987 Cedar St', '443-322-1100', 'info@greengrocers.com', 'active'),
(7, 'FR66778899G', 'Pet Paradise', '159 Birch St', '667-788-9900', 'hello@petparadise.com', 'active'),
(8, 'FR22334455H', 'Fashion Fiesta', '753 Spruce St', '223-344-5566', 'support@fashionfiesta.com', 'active'),
(9, 'FR88990011I', 'Electro World', '951 Willow St', '889-900-1122', 'contact@electroworld.com', 'active'),
(10, 'FR33445566J', 'Book Haven', '357 Aspen St', '334-455-6677', 'info@bookhaven.com', 'active'),
(11, 'ES77889900K', 'Toy Town', '159 Redwood St', '778-899-0011', 'hello@toytown.com', 'active'),
(12, 'ES44556677L', 'Home Essentials', '753 Fir St', '445-566-7788', 'support@homeessentials.com', 'active'),
(13, 'ES99001122M', 'Beauty Bliss', '951 Poplar St', '990-011-2233', 'contact@beautybliss.com', 'active'),
(14, 'ES55667788N', 'Sports Arena', '357 Cypress St', '556-677-8800', 'info@sportsarena.com', 'active'),
(15, 'ES11223344O', 'Music Mania', '159 Alder St', '112-233-4466', 'hello@musicmania.com', 'active'),
(16, 'PT66778899P', 'Garden Glory', '753 Beech St', '667-788-9911', 'support@gardenglory.com', 'active'),
(17, 'PT22334455Q', 'Auto Hub', '951 Chestnut St', '223-344-5577', 'contact@autohub.com', 'active'),
(18, 'IT88990011R', 'Kids Corner', '357 Dogwood St', '889-900-1133', 'info@kidscorner.com', 'active'),
(19, 'IT33445566S', 'Office Outlet', '159 Elmwood St', '334-455-6688', 'hello@officeoutlet.com', 'inactive'),
(20, 'FR77889900T', 'Health Haven', '753 Hawthorn St', '778-899-0022', 'support@healthhaven.com', 'active'),
(21, 'FR44556677U', 'Travel Treasures', '951 Juniper St', '445-566-7799', 'contact@traveltreasures.com', 'active'),
(22, 'FR99001122V', 'Gadget Galaxy', '357 Magnolia St', '990-011-2244', 'info@gadgetgalaxy.com', 'active'),
(23, 'FR55667788W', 'Fashion Forward', '159 Palm St', '556-677-8811', 'hello@fashionforward.com', 'active'),
(24, 'ES11223344X', 'Culinary Creations', '753 Sycamore St', '112-233-4477', 'support@culinarycreations.com', 'active'),
(25, 'ES66778899Y', 'Pet Pals', '951 Walnut St', '667-788-9922', 'contact@petpals.com', 'active'),
(26, 'ES22334455Z', 'Tech Trends', '357 Ash St', '223-344-5588', 'info@techtrends.com', 'active'),
(27, 'ES88990011A', 'Book Nook', '159 Cedarwood St', '889-900-1144', 'hello@booknook.com', 'inactive'),
(28, 'ES33445566B', 'Gourmet Delights', '753 Dogwood St', '334-455-6699', 'support@gourmetdelights.com', 'active'),
(29, 'ES77889900C', 'Foodie Haven', '951 Poplar St', '778-899-0033', 'contact@foodiehaven.com', 'active'),
(30, 'IT44556677D', 'Taste of Italy', '357 Cypress St', '445-566-7700', 'info@tasteofitaly.com', 'active'),
(31, 'FR99001122E', 'French Cuisine', '159 Alder St', '990-011-2255', 'hello@frenchcuisine.com', 'active'),
(32, 'ES55667788F', 'Spanish Tapas', '753 Beech St', '556-677-8822', 'support@spanishtapas.com', 'active'),
(33, 'PT11223344G', 'Portuguese Flavors', '951 Chestnut St', '112-233-4488', 'contact@portugueseflavors.com', 'active'),
(34, 'PT66778899H', 'Mediterranean Bites', '357 Dogwood St', '667-788-9933', 'info@mediterraneanbites.com', 'active'),
(35, 'IT22334455I', 'Gourmet Grocers', '159 Elmwood St', '223-344-5599', 'hello@gourmetgrocers.com', 'active'),
(36, 'FR88990011J', 'Culinary Treasures', '753 Hawthorn St', '889-900-1155', 'support@culinarytreasures.com', 'active'),
(37, 'FR33445566K', 'Food Fiesta', '951 Juniper St', '334-455-6600', 'contact@foodfiesta.com', 'active'),
(38, 'FR77889900L', 'Taste of Spain', '357 Magnolia St', '778-899-0044', 'info@tasteofspain.com', 'active'),
(39, 'IT44556677M', 'Italian Delights', '159 Palm St', '445-566-7711', 'hello@italiandelights.com', 'active'),
(40, 'FR99001122N', 'French Bistro', '753 Sycamore St', '990-011-2266', 'support@frenchbistro.com', 'active'),
(41, 'ES55667788O', 'Spanish Cuisine', '951 Walnut St', '556-677-8833', 'contact@spanishcuisine.com', 'active'),
(42, 'PT11223344P', 'Portuguese Delicacies', '357 Ash St', '112-233-4499', 'info@portuguesedelicacies.com', 'active'),
(43, 'PT66778899Q', 'Mediterranean Flavors', '159 Cedarwood St', '667-788-9944', 'hello@mediterraneanflavors.com', 'active'),
(44, 'IT22334455R', 'Gourmet Foods', '753 Dogwood St', '223-344-5500', 'support@gourmetfoods.com', 'active'),
(45, 'FR88990011S', 'Culinary Delights', '951 Poplar St', '889-900-1166', 'contact@culinarydelights.com', 'active'),
(46, 'FR33445566T', 'Food Haven', '357 Cypress St', '965-234-98765', 'info@foodheaven.fr', 'active');

INSERT INTO CUSTOMER_ORDER (order_id, customer_id, order_date, order_status, order_amount, order_reference, shipping_priority) VALUES
(1, 1, '2021-01-05', 'shipped', 11999.75, 'ABC-01-DEFG', 'express'),
(2, 1, '2021-02-06', 'shipped', 431.85, 'XYZ-02-HIJK', 'standard'),
(3, 1, '2021-03-10', 'delivered', 119.95, 'MNO-03-LMNP', 'standard'),
(4, 2, '2021-04-11', 'shipped', 686.20, 'PQR-04-QRST', 'standard'),
(5, 2, '2021-05-14', 'delivered', 431.95, 'EFG-05-UVWX', 'express'),
(6, 3, '2021-06-01', 'shipped', 460.60, 'JKL-06-YZAB', 'standard'),
(7, 3, '2021-07-05', 'delivered', 239.95, 'CDE-07-CDEF', 'standard'),
(8, 5, '2021-08-07', 'shipped', 2495.75, 'FGH-08-GHIJ', 'urgent'),
(9, 5, '2021-09-10', 'delivered', 1439.95, 'IJK-09-KLMN', 'standard'),
(10, 6, '2021-10-05', 'shipped', 2399.95, 'LMN-10-OPQR', 'express'),
(11, 6, '2021-11-07', 'delivered', 211.10, 'STU-11-STUV', 'standard'),
(12, 7, '2021-12-20', 'shipped', 119.95, 'VWX-12-WXYZ', 'standard'),
(13, 7, '2022-01-25', 'shipped', 479.85, 'ABC-13-ABCD', 'express'),
(14, 8, '2022-02-05', 'delivered', 187.05, 'DEF-14-DEFG', 'standard'),
(15, 10, '2022-03-15', 'shipped', 287.95, 'GHI-15-GHIJ', 'standard'),
(16, 10, '2022-04-18', 'delivered', 191.90, 'JKL-16-JKLM', 'standard'),
(17, 12, '2022-05-10', 'shipped', 187.05, 'MNO-17-NOPQ', 'express'),
(18, 13, '2022-06-01', 'shipped', 2879.90, 'PQR-18-PQRS', 'standard'),
(19, 14, '2022-07-05', 'shipped', 239.95, 'TUV-19-TUVW', 'standard'),
(20, 15, '2022-08-10', 'delivered', 719.65, 'XYZ-20-WXYZ', 'express'),
(21, 17, '2022-09-01', 'shipped', 62.35, 'ABC-21-ABCD', 'standard'),
(22, 17, '2022-10-05', 'delivered', 14759.75, 'DEF-22-DEFG', 'urgent'),
(23, 19, '2022-11-15', 'shipped', 91.15, 'GHI-23-GHIJ', 'standard'),
(24, 19, '2022-12-20', 'delivered', 7199.85, 'JKL-24-JKLM', 'express'),
(25, 20, '2023-01-01', 'shipped', 863.90, 'MNO-25-NOPQ', 'standard'),
(26, 21, '2023-02-05', 'delivered', 191.95, 'PQR-26-PQRS', 'standard'),
(27, 22, '2023-03-20', 'shipped', 479.90, 'STU-27-STUV', 'express'),
(28, 22, '2023-04-25', 'shipped', 167.95, 'VWX-28-WXYZ', 'standard'),
(29, 22, '2023-05-30', 'delivered', 43.15, 'ABC-29-ABCD', 'standard'),
(30, 23, '2023-06-01', 'shipped', 14918.10, 'DEF-30-DEFG', 'express'),
(31, 24, '2023-07-05', 'shipped', 119.95, 'GHI-31-GHIJ', 'standard'),
(32, 26, '2023-08-10', 'delivered', 287.85, 'JKL-32-JKLM', 'standard'),
(33, 27, '2023-09-20', 'shipped', 143.95, 'MNO-33-NOPQ', 'express'),
(34, 27, '2023-10-25', 'shipped', 383.90, 'PQR-34-PQRS', 'standard'),
(35, 27, '2023-11-30', 'delivered', 115.15, 'STU-35-STUV', 'standard'),
(36, 28, '2023-12-10', 'shipped', 187.05, 'VWX-36-WXYZ', 'standard'),
(37, 28, '2023-12-15', 'shipped', 959.95, 'ABC-37-ABCD', 'express'),
(38, 29, '2022-01-01', 'delivered', 431.95, 'DEF-38-DEFG', 'standard'),
(39, 30, '2022-02-10', 'shipped', 4799.90, 'GHI-39-GHIJ', 'standard'),
(40, 30, '2022-03-15', 'shipped', 7199.95, 'JKL-40-JKLM', 'express'),
(41, 31, '2022-04-20', 'delivered', 239.90, 'MNO-41-NOPQ', 'standard'),
(42, 32, '2022-05-25', 'shipped', 1439.95, 'PQR-42-PQRS', 'standard'),
(43, 33, '2022-06-01', 'shipped', 287.90, 'STU-43-STUV', 'express'),
(44, 33, '2022-07-05', 'shipped', 191.95, 'VWX-44-WXYZ', 'standard'),
(45, 33, '2022-08-10', 'delivered', 959.95, 'ABC-45-ABCD', 'standard'),
(46, 34, '2022-09-20', 'shipped', 479.90, 'DEF-46-DEFG', 'express'),
(47, 34, '2022-10-25', 'shipped', 287.95, 'GHI-47-GHIJ', 'standard'),
(48, 35, '2022-11-01', 'delivered', 95.95, 'JKL-48-JKLM', 'standard'),
(49, 36, '2022-12-10', 'shipped', 191.90, 'MNO-49-NOPQ', 'express'),
(50, 36, '2023-01-15', 'shipped', 503.85, 'PQR-50-PQRS', 'standard'),
(51, 37, '2023-02-20', 'delivered', 115.15, 'STU-51-STUV', 'standard'),
(52, 38, '2023-03-01', 'shipped', 239.95, 'VWX-52-WXYZ', 'express'),
(53, 39, '2023-04-10', 'shipped', 2879.90, 'ABC-53-ABCD', 'standard'),
(54, 40, '2023-05-20', 'delivered', 143.95, 'DEF-54-DEFG', 'standard'),
(55, 41, '2023-06-01', 'shipped', 91.15, 'GHI-55-GHIJ', 'standard'),
(56, 41, '2023-07-05', 'delivered', 211.10, 'JKL-56-JKLM', 'express'),
(57, 42, '2023-08-01', 'shipped', 119.95, 'MNO-57-NOPQ', 'standard'),
(58, 42, '2023-09-05', 'shipped', 383.90, 'PQR-58-PQRS', 'standard'),
(59, 43, '2023-10-01', 'delivered', 62.35, 'STU-59-STUV', 'standard'),
(60, 44, '2023-11-01', 'shipped', 215.85, 'VWX-60-WXYZ', 'express'),
(61, 45, '2023-12-01', 'shipped', 191.90, 'ABC-61-ABCD', 'standard'),
(62, 45, '2023-12-15', 'delivered', 7199.95, 'DEF-62-DEFG', 'urgent'),
(63, 45, '2023-12-20', 'shipped', 959.75, 'GHI-63-GHIJ', 'standard'),
(64, 46, '2023-12-25', 'shipped', 143.95, 'JKL-64-JKLM', 'express'),
(65, 46, '2023-12-30', 'delivered', 287.95, 'MNO-65-NOPQ', 'standard'),
(66, 46, '2023-11-10', 'shipped', 863.90, 'PQR-66-PQRS', 'standard'),
(67, 17, '2023-10-15', 'shipped', 95.95, 'STU-67-STUV', 'express'),
(68, 17, '2023-09-20', 'delivered', 167.95, 'VWX-68-WXYZ', 'standard'),
(69, 22, '2023-08-01', 'shipped', 479.90, 'ABC-69-ABCD', 'standard'),
(70, 22, '2023-07-05', 'shipped', 959.95, 'DEF-70-DEFG', 'express'),
(71, 17, '2024-01-01', 'pending', 7199.95, 'GHI-71-GHIJ', 'urgent'),
(72, 18, '2024-01-15', 'shipped', 431.95, 'JKL-72-JKLM', 'standard'),
(73, 19, '2024-02-05', 'delivered', 287.95, 'MNO-73-NOPQ', 'standard'),
(74, 20, '2024-02-10', 'pending', 230.30, 'PQR-74-PQRS', 'express'),
(75, 21, '2024-02-20', 'shipped', 239.95, 'STU-75-STUV', 'standard'),
(76, 22, '2024-03-01', 'delivered', 95.95, 'VWX-76-WXYZ', 'standard'),
(77, 23, '2024-03-15', 'pending', 383.90, 'ABC-77-ABCD', 'express'),
(78, 24, '2024-03-25', 'shipped', 1439.95, 'DEF-78-DEFG', 'standard'),
(79, 25, '2024-04-01', 'pending', 287.90, 'GHI-79-GHIJ', 'standard'),
(80, 26, '2024-04-10', 'delivered', 3359.90, 'JKL-80-JKLM', 'express'),
(81, 27, '2024-04-20', 'shipped', 2399.95, 'MNO-81-NOPQ', 'standard'),
(82, 28, '2024-05-05', 'pending', 124.70, 'PQR-82-PQRS', 'standard'),
(83, 29, '2024-05-15', 'shipped', 105.55, 'STU-83-STUV', 'standard'),
(84, 30, '2024-06-01', 'delivered', 119.95, 'VWX-84-WXYZ', 'express'),
(85, 31, '2024-06-10', 'pending', 230.30, 'ABC-85-ABCD', 'standard'),
(86, 32, '2024-06-20', 'shipped', 95.95, 'DEF-86-DEFG', 'standard'),
(87, 33, '2024-07-01', 'delivered', 119.95, 'GHI-87-GHIJ', 'express'),
(88, 34, '2024-07-15', 'pending', 124.70, 'JKL-88-JKLM', 'standard'),
(89, 35, '2024-07-25', 'shipped', 167.95, 'MNO-89-NOPQ', 'standard'),
(90, 36, '2024-08-01', 'delivered', 959.95, 'PQR-90-PQRS', 'urgent'),
(91, 37, '2024-08-10', 'pending', 479.90, 'STU-91-STUV', 'express'),
(92, 38, '2024-08-20', 'shipped', 43.15, 'VWX-92-WXYZ', 'standard'),
(93, 39, '2024-09-01', 'delivered', 239.95, 'ABC-93-ABCD', 'standard'),
(94, 40, '2024-09-10', 'pending', 143.95, 'DEF-94-DEFG', 'express'),
(95, 41, '2024-09-15', 'shipped', 71.95, 'GHI-95-GHIJ', 'standard'),
(96, 42, '2024-09-15', 'delivered', 7818.95, 'JKL-96-JKLM', 'standard');

INSERT INTO ORDER_LINE (order_id, order_line_id, wine_id, quantity) VALUES
(1, 1, 3, 2),
(1, 2, 5, 1),
(1, 3, 7, 2),
(2, 1, 8, 3),
(3, 1, 10, 1),
(4, 1, 12, 2),
(4, 2, 1, 1),
(4, 3, 9, 1),
(5, 1, 6, 1),
(6, 1, 14, 4),
(7, 1, 9, 1),
(8, 1, 7, 2),
(8, 2, 15, 1),
(8, 3, 20, 2),
(9, 1, 3, 1),
(10, 1, 4, 1),
(11, 1, 17, 2),
(12, 1, 16, 1),
(13, 1, 18, 2),
(13, 2, 8, 1),
(14, 1, 19, 3),
(15, 1, 13, 1),
(16, 1, 2, 2),
(17, 1, 1, 3),
(18, 1, 3, 2),
(19, 1, 20, 1),
(20, 1, 25, 4),
(20, 2, 9, 1),
(20, 3, 22, 2),
(21, 1, 19, 1),
(22, 1, 5, 2),
(22, 2, 10, 1),
(22, 3, 16, 2),
(23, 1, 24, 1),
(24, 1, 4, 3),
(25, 1, 6, 2),
(26, 1, 23, 1),
(27, 1, 9, 2),
(28, 1, 18, 1),
(29, 1, 11, 1),
(30, 1, 17, 2),
(30, 2, 12, 1),
(30, 3, 14, 1),
(30, 4, 5, 2),
(31, 1, 16, 1),
(32, 1, 15, 3),
(33, 1, 8, 1),
(34, 1, 12, 2),
(35, 1, 14, 1),
(36, 1, 19, 3),
(37, 1, 7, 1),
(38, 1, 6, 1),
(39, 1, 4, 2),
(40, 1, 5, 1),
(41, 1, 10, 2),
(42, 1, 3, 1),
(43, 1, 8, 2),
(44, 1, 12, 1),
(45, 1, 7, 1),
(46, 1, 9, 2),
(47, 1, 13, 1),
(48, 1, 15, 1),
(49, 1, 2, 2),
(50, 1, 18, 3),
(51, 1, 14, 1),
(52, 1, 20, 1),
(53, 1, 3, 2),
(54, 1, 22, 1),
(55, 1, 24, 1),
(56, 1, 17, 2),
(57, 1, 16, 1),
(58, 1, 23, 2),
(59, 1, 19, 1),
(60, 1, 21, 3),
(61, 1, 2, 2),
(62, 1, 5, 1),
(63, 1, 10, 2),
(63, 2, 8, 1),
(63, 3, 13, 2),
(64, 1, 8, 1),
(65, 1, 13, 1),
(66, 1, 6, 2),
(67, 1, 15, 1),
(68, 1, 18, 1),
(69, 1, 20, 2),
(70, 1, 7, 1),
(71, 1, 5, 1),
(72, 1, 6, 1),
(73, 1, 13, 1),
(74, 1, 14, 2),
(75, 1, 9, 1),
(76, 1, 2, 1),
(77, 1, 12, 2),
(78, 1, 3, 1),
(79, 1, 8, 2),
(80, 1, 7, 1),
(80, 2, 4, 1),
(81, 1, 4, 1),
(82, 1, 1, 2),
(83, 1, 17, 1),
(84, 1, 10, 1),
(85, 1, 14, 2),
(86, 1, 15, 1),
(87, 1, 16, 1),
(88, 1, 19, 2),
(89, 1, 18, 1),
(90, 1, 7, 1),
(91, 1, 9, 2),
(92, 1, 11, 1),
(93, 1, 20, 1),
(94, 1, 22, 1),
(95, 1, 21, 1),
(96, 1, 13, 1),
(96, 2, 8, 2),
(96, 3, 5, 1),
(96, 4, 11, 1);

INSERT INTO PAYMENT (payment_id, order_id, payment_date, payment_method, payment_amount) VALUES
(1, 1, '2021-01-06', 'bank_transfer', 11999.75),
(2, 2, '2021-02-06', 'credit_card', 431.85),
(3, 3, '2021-03-11', 'paypal', 119.95),
(4, 5, '2021-05-15', 'credit_card', 431.95),
(5, 7, '2021-07-06', 'cash', 239.95),
(6, 9, '2021-09-10', 'bank_transfer', 1439.95),
(7, 10, '2021-10-05', 'paypal', 1000.00),
(8, 10, '2021-10-15', 'paypal', 1399.95),
(9, 11, '2021-11-08', 'credit_card', 211.10),
(10, 14, '2022-02-06', 'cash', 187.05),
(11, 16, '2022-04-19', 'cash', 191.90),
(12, 18, '2022-06-02', 'bank_transfer', 2879.90),
(13, 20, '2022-08-11', 'cash', 719.65),
(14, 22, '2022-10-06', 'credit_card', 10000.00),
(15, 22, '2022-10-20', 'bank_transfer', 4759.75),
(16, 24, '2022-12-21', 'bank_transfer', 7199.85),
(17, 26, '2023-02-06', 'credit_card', 191.95),
(18, 29, '2023-05-31', 'paypal', 43.15),
(19, 32, '2023-08-11', 'credit_card', 287.85),
(20, 35, '2023-12-01', 'paypal', 115.15),
(21, 4, '2021-04-12', 'credit_card', 686.20),
(22, 8, '2021-08-08', 'paypal', 2495.75),
(23, 13, '2022-01-26', 'bank_transfer', 479.85),
(24, 25, '2023-01-02', 'credit_card', 863.90),
(25, 30, '2023-06-05', 'bank_transfer', 14918.10),
(26, 39, '2022-02-15', 'paypal', 4799.90),
(27, 40, '2022-03-20', 'bank_transfer', 7199.95),
(28, 53, '2023-04-15', 'credit_card', 2879.90),
(29, 62, '2023-12-16', 'paypal', 7199.95),
(30, 70, '2023-07-10', 'credit_card', 959.95),
(31, 72, '2024-01-16', 'cash', 431.95),
(32, 73, '2024-02-06', 'cash', 287.95),
(33, 75, '2024-02-21', 'cash',239.95),
(34, 76, '2024-03-02', 'cash', 95.95),
(35, 78, '2024-03-28', 'bank_transfer', 1439.95),
(36, 80, '2024-04-11', 'paypal', 3359.90),
(37, 81, '2024-04-22', 'credit_card', 2399.95),
(38, 90, '2024-08-02', 'bank_transfer', 959.95),
(39, 93, '2024-09-02', 'cash', 239.95),
(40, 96, '2024-09-16', 'bank_transfer', 7818.95);

COMMIT;
